Centro,Unidade,Produto,Valor unitário,Cod_vendedor,Quantidade ,Data_compra,,Cod_vendedor,Vendedor,,Tabela de imposto,
101,Avenida,Brinquedos,"R$ 400,00",49590,17,4/25/2022,,17988,Luciana,,Alíquota,Faixas de Receita
103,Cidade Nova,Berço,"R$ 690,00",55354,14,3/24/2022,,14522,Marcela,,5%,"Até R$ 2.100.000,00"
106,Avenida,Fogão,"R$ 1.834,00",19231,3,3/31/2022,,15176,Larissa,,12%,"De R$ 2.100.000,01 À  R$ 2.400.000,00"
104,Avenida,Powerbank,"R$ 120,00",19231,5,6/16/2022,,5657,Vanessa,,17%,"A partir de R$ 2.400.000,01"
104,Amazonas Shopping,Mi Band 6,"R$ 400,00",15176,20,2/24/2023,,4428,Giovanna,,,
102,Ammazonas Shoping,Samsung,"R$ 1.700,00",17988,12,7/8/2022,,45689,Denis,,,
106,Eduardo Gomes,Sofá,"R$ 1.550,00",41311,14,4/15/2022,,2592,Miqueias,,,
106,Nova cidade,Sofá,"R$ 1.550,00",34535,17,7/26/2022,,29020,Alexandre,,,
101,Amazonas Shopping,Berço,"R$ 690,00",11022,10,9/13/2022,,19231,Cristina,,,
106,Eduardo Gomes,Mi Band 6,"R$ 400,00",41414,7,11/27/2022,,49590,Cintia,,,
103,Cidade Nova,Berço,"R$ 690,00",13414,19,4/23/2022,,14141,Saulo,,,
103,Cidade Nova,Microondas,"R$ 600,00",55354,16,1/19/2023,,55453,Cristiano,,,
101,Matriz,Samsung,"R$ 1.700,00",481,20,4/9/2022,,13414,Maria Ferreira,,,
103,Avenida,Xbox series s,"R$ 2.000,00",14141,1,12/20/2022,,55354,Anderson,,,
101,Nova cidade,Cadeira Gamer,"R$ 1.200,00",67889,2,5/28/2022,,5663,Thiago,,,
101,Eduardo Gomes,Ar_condicionado,"R$ 1.700,00",481,13,1/17/2023,,2123,Ketlen,,,
106,Eduardo Gomes,Bicicleta,"R$ 1.200,00",200004434,16,1/27/2022,,41311,Maria,,,
105,Eduardo Gomes,Iphone,"R$ 7.500,00",481,17,2/20/2022,,200004434,Morgana,,,
103,Eduardo Gomes,Ar condicionado,"R$ 1.700,00",41311,4,2/17/2023,,20000541,Katia,,,
105,Eduardo Gomes,Televisão,"R$ 2.320,00",20000541,9,6/7/2022,,41414,Pierre,,,
104,Nova cidade,Fogão,"R$ 1.834,00",34535,3,10/3/2022,,481,Raimundo,,,
106,Eduardo Gomes,Fogão,"R$ 1.834,00",41311,10,10/13/2022,,44993,Guilherme,,,
104,Nova cidade,Microondas,"R$ 600,00",14951,12,1/12/2022,,41949,Francisco,,,
106,Eduardo Gomes,Fogão,"R$ 1.834,00",481,15,4/5/2022,,141000,Pedro,,,
105,Matriz,Mouse,"R$ 47,00",44993,8,2/1/2022,,10934,João,,,
106,Nova cidade,Iphone,"R$ 7.500,00",49592,16,2/19/2023,,14951,Stephane,,,
104,Matriz,Brinquedos,"R$ 400,00",44993,15,2/6/2022,,49592,Marcelo,,,
104,Cidade Nova,Mi Band 6,"R$ 400,00",55354,8,1/27/2022,,34535,Carlos,,,
101,Avenida,Teclado,"R$ 215,00",19231,4,10/18/2022,,67889,Gabriel,,,
102,Matriz,Teclado,"R$ 215,00",41949,19,2/14/2023,,11022,Cléberson,,,
102,Eduardo Gomes,Mi Band 6,"R$ 400,00",41311,9,7/3/2022,,,,,,
101,Eduardo Gomes,Teclado,"R$ 215,00",20000541,10,11/28/2022,,,,,,
101,Avenida,Monitor,"R$ 1.100,00",49590,6,8/6/2022,,,,,,
102,Cidade Nova,Fogão,"R$ 1.834,00",13414,2,8/6/2022,,,,,,
103,Avenida,Cama,"R$ 1.300,00",14141,10,6/28/2022,,,,,,
101,Avenida,Geladeira,"R$ 3.456,00",2592,13,5/29/2022,,,,,,
101,Nova cidade,Berço,"R$ 690,00",10934,9,8/8/2022,,,,,,
103,Avenida,Fone d Ouvido,"R$ 198,00",49590,8,2/6/2022,,,,,,
103,Cidade Nova,Fogão,"R$ 1.834,00",55354,12,2/18/2022,,,,,,
103,Matriz,Bebedouro,"R$ 550,00",44993,13,8/4/2022,,,,,,
105,Eduardo Gomes,Televisão,"R$ 2.320,00",41414,15,10/24/2022,,,,,,
104,Eduardo Gomes,Microondas,"R$ 600,00",481,20,12/21/2022,,,,,,
103,Cidade Nova,Berço,"R$ 690,00",2123,7,12/1/2022,,,,,,
105,Avenida,Geladeira,"R$ 3.456,00",29020,19,1/21/2023,,,,,,
104,Amazonas Shopping,Powerbank,"R$ 120,00",17988,9,11/21/2022,,,,,,
103,Amazonas Shopping,Mi Band 6,"R$ 400,00",5657,9,12/23/2022,,,,,,
101,Nova cidade,Fogão,"R$ 1.834,00",34535,13,11/24/2022,,,,,,
102,Avenida,Ar condicionado,"R$ 1.700,00",14141,10,9/18/2022,,,,,,
105,Avenida,Televisão,"R$ 2.320,00",29020,3,8/4/2022,,,,,,
102,Eduardo Gomes,Fone de Ouvido,"R$ 198,00",200004434,9,12/5/2022,,,,,,
105,Matriz,Geladeira,"R$ 3.456,00",41949,3,6/17/2022,,,,,,
104,Matriz,Guarda Roupa,"R$ 710,00",41949,2,1/7/2023,,,,,,
104,Eduardo Gomes,Xbox series s,"R$ 2.000,00",41311,18,4/7/2022,,,,,,
106,Avenida,Fone de Ouvido,"R$ 198,00",2592,18,1/6/2022,,,,,,
103,Matriz,Mouse,"R$ 47,00",481,17,3/12/2022,,,,,,
104,Amazonas Shopping,Ar condicionado,"R$ 1.700,00",4428,4,7/29/2022,,,,,,
104,Nova cidade,Iphone,"R$ 7.500,00",49592,20,8/22/2022,,,,,,
101,Cidade Nova,Mi Band 6,"R$ 400,00",5663,8,2/23/2022,,,,,,
102,Matriz,Xbox series s,"R$ 2.000,00",41949,8,3/27/2022,,,,,,
103,Matriz,Cadeira Gamer,"R$ 1.200,00",44993,17,2/9/2022,,,,,,
104,Cidade Nova,Notebook,"R$ 3.115,00",13414,2,12/8/2022,,,,,,
103,Nova cidade,Microondas,"R$ 600,00",14951,12,10/19/2022,,,,,,
105,Matriz,Microondas,"R$ 600,00",41949,2,1/9/2023,,,,,,
105,Avenida,Iphone,"R$ 7.500,00",49590,7,3/22/2022,,,,,,
106,Avenida,Ar condicionado,"R$ 1.700,00",2592,7,9/27/2022,,,,,,
101,Eduardo Gomes,Mi Band 6,"R$ 400,00",41414,1,5/10/2022,,,,,,
104,Eduardo Gomes,Mi Band 6,"R$ 400,00",200004434,8,1/28/2022,,,,,,
104,Eduardo Gomes,Brinquedos,"R$ 400,00",41414,17,1/26/2023,,,,,,
106,Eduardo Gomes,Powerbank,"R$ 120,00",481,18,1/16/2023,,,,,,
104,Amazonas Shopping,Powerbank,"R$ 120,00",5657,11,12/21/2022,,,,,,
106,Nova cidade,Brinquedos,"R$ 400,00",10934,16,12/27/2022,,,,,,
102,Amazonas Shopping,Fone de Ouvido,"R$ 198,00",45689,15,2/16/2023,,,,,,
101,Avenida,Bebedouro,"R$ 550,00",14141,7,1/9/2022,,,,,,
104,Eduardo Gomes,Fone de Ouvido,"R$ 198,00",20000541,14,12/4/2022,,,,,,
102,Eduardo Gomes,Microondas,"R$ 600,00",20000541,14,10/11/2022,,,,,,
104,Cidade Nova,Mi Band 6,"R$ 400,00",13414,4,5/1/2022,,,,,,
101,Matriz,Cadeira Gamer,"R$ 1.200,00",11022,6,1/21/2023,,,,,,
104,Matriz,Powerbank,"R$ 120,00",41949,11,1/21/2023,,,,,,
103,Cidade Nova,Sofá,"R$ 1.550,00",55453,8,11/24/2022,,,,,,
105,Matriz,Berço,"R$ 690,00",481,13,12/21/2022,,,,,,
106,Avenida,Samsung,"R$ 1.700,00",19231,1,3/2/2022,,,,,,
103,Eduardo Gomes,Bebedouro,"R$ 550,00",481,7,8/11/2022,,,,,,
103,Matriz,Jogo de Panela,"R$ 340,00",41949,6,8/20/2022,,,,,,
101,Amazonas Shopping,Cama,"R$ 1.300,00",4428,20,1/23/2023,,,,,,
105,Nova cidade,Fogão,"R$ 1.834,00",49592,19,10/30/2022,,,,,,
106,Cidade Nova,Cama,"R$ 1.300,00",13414,6,7/18/2022,,,,,,
106,Avenida,Cama,"R$ 1.300,00",19231,4,1/3/2023,,,,,,
102,Nova cidade,Teclado,"R$ 215,00",67889,3,1/18/2022,,,,,,
102,Matriz,Televisão,"R$ 2.320,00",41949,5,12/10/2022,,,,,,
102,Nova cidade,Sofá,"R$ 1.550,00",10934,14,10/26/2022,,,,,,
103,Amazonas Shopping,Notebook,"R$ 3.115,00",45689,5,11/3/2022,,,,,,
103,Matriz,Sofá,"R$ 1.550,00",141000,5,2/15/2023,,,,,,
102,Cidade Nova,Teclado,"R$ 215,00",55453,12,2/25/2022,,,,,,
105,Nova cidade,Teclado,"R$ 215,00",34535,12,2/8/2022,,,,,,
102,Cidade Nova,Xbox series s,"R$ 2.000,00",5663,2,9/13/2022,,,,,,
103,Amazonas Shopping,Berço,"R$ 690,00",4428,10,1/21/2023,,,,,,
102,Avenida,Microondas,"R$ 600,00",29020,18,2/10/2022,,,,,,
101,Matriz,Guarda Roupa,"R$ 710,00",141000,11,7/8/2022,,,,,,
106,Avenida,Xbox series s,"R$ 2.000,00",49590,6,11/22/2022,,,,,,
105,Eduardo Gomes,Geladeira,"R$ 3.456,00",41414,4,7/13/2022,,,,,,
102,Cidade Nova,Xbox series s,"R$ 2.000,00",55354,6,12/23/2022,,,,,,
105,Matriz,Bebedouro,"R$ 550,00",44993,5,1/19/2022,,,,,,
102,Amazonas Shopping,Mouse,"R$ 47,00",17988,1,5/20/2022,,,,,,
106,Avenida,Sofá,"R$ 1.550,00",19231,1,8/26/2022,,,,,,
102,Avenida,Ar condicionado,"R$ 1.700,00",14141,5,6/6/2022,,,,,,
101,Eduardo Gomes,Mouse,"R$ 47,00",41414,2,10/24/2022,,,,,,
106,Avenida,Televisão,"R$ 2.320,00",14141,3,4/29/2022,,,,,,
102,Amazonas Shopping,Televisão,"R$ 2.320,00",17988,16,3/23/2022,,,,,,
106,Amazonas Shopping,Monitor,"R$ 1.100,00",15176,4,4/11/2022,,,,,,
103,Amazonas Shopping,Bebedouro,"R$ 550,00",45689,18,8/4/2022,,,,,,
101,Avenida,Sofá,"R$ 1.550,00",19231,20,2/4/2023,,,,,,
104,Nova cidade,Televisão,"R$ 2.320,00",10934,19,5/14/2022,,,,,,
102,Matriz,Cama,"R$ 1.300,00",44993,12,4/10/2022,,,,,,
104,Cidade Nova,Jogo de Panela,"R$ 340,00",13414,20,7/30/2022,,,,,,
105,Cidade Nova,Mouse,"R$ 47,00",55354,10,2/16/2022,,,,,,
103,Amazonas Shopping,Bicicleta,"R$ 1.200,00",15176,16,3/17/2022,,,,,,
103,Eduardo Gomes,Bebedouro,"R$ 550,00",41311,15,3/9/2022,,,,,,
104,Eduardo Gomes,Bebedouro,"R$ 550,00",41414,16,5/23/2022,,,,,,
105,Cidade Nova,Ar condicionado,"R$ 1.700,00",5663,4,1/17/2022,,,,,,
105,Avenida,Xbox series s,"R$ 2.000,00",49590,18,1/6/2023,,,,,,
104,Amazonas Shopping,Teclado,"R$ 215,00",17988,4,5/5/2022,,,,,,
106,Nova cidade,Cama,"R$ 1.300,00",10934,7,8/19/2022,,,,,,
103,Eduardo Gomes,Sofá,"R$ 1.550,00",200004434,9,12/19/2022,,,,,,
103,Nova cidade,Mouse,"R$ 47,00",10934,14,10/10/2022,,,,,,
101,Ammazonas Shoping,Xbox series s,"R$ 2.000,00",45689,4,8/12/2022,,,,,,
104,Matriz,Mouse,"R$ 47,00",481,18,9/8/2022,,,,,,
102,Nova cidade,Bicicleta,"R$ 1.200,00",34535,8,3/12/2022,,,,,,
103,Nova cidade,Teclado,"R$ 215,00",10934,6,9/3/2022,,,,,,
103,Eduardo Gomes,Microondas,"R$ 600,00",200004434,5,1/7/2022,,,,,,
105,Cidade Nova,Brinquedos,"R$ 400,00",5663,7,9/8/2022,,,,,,
102,Cidade Nova,Guarda Roupa,"R$ 710,00",5663,9,4/29/2022,,,,,,
105,Nova cidade,Televisão,"R$ 2.320,00",67889,11,4/22/2022,,,,,,
101,Matriz,Iphone,"R$ 7.500,00",44993,12,5/2/2022,,,,,,
104,Cidade Nova,Televisão,"R$ 2.320,00",55354,17,6/20/2022,,,,,,
101,Matriz,Teclado,"R$ 215,00",44993,3,2/25/2022,,,,,,
101,Eduardo Gomes,Cadeira Gamer,"R$ 1.200,00",200004434,8,5/18/2022,,,,,,
106,Amazonas Shopping,Televisão,"R$ 2.320,00",45689,16,2/27/2022,,,,,,
106,Matriz,Televisão,"R$ 2.320,00",481,20,3/25/2022,,,,,,
101,Amazonas Shopping,Ar condicionado,"R$ 1.700,00",14522,4,3/1/2022,,,,,,
101,Eduardo Gomes,Iphone,"R$ 7.500,00",41414,12,12/20/2022,,,,,,
102,Eduardo Gomes,Monitor,"R$ 1.100,00",481,8,4/2/2022,,,,,,
102,Avenida,Cama,"R$ 1.300,00",19231,1,12/29/2022,,,,,,
105,Amazonas Shopping,Geladeira,"R$ 3.456,00",15176,7,7/24/2022,,,,,,
101,Amazonas Shopping,Notebook,"R$ 3.115,00",4428,11,1/31/2023,,,,,,
105,Avenida,Geladeira,"R$ 3.456,00",19231,17,5/23/2022,,,,,,
102,Amazonas Shopping,Bicicleta,"R$ 1.200,00",15176,19,11/17/2022,,,,,,
106,Nova cidade,Televisão,"R$ 2.320,00",67889,5,2/6/2023,,,,,,
106,Matriz,Xbox series s,"R$ 2.000,00",481,20,2/23/2022,,,,,,
102,Matriz,Powerbank,"R$ 120,00",481,10,7/14/2022,,,,,,
106,Matriz,Fone de Ouvido,"R$ 198,00",41949,15,2/5/2023,,,,,,
102,Cidade Nova,Notebook,"R$ 3.115,00",55453,8,9/13/2022,,,,,,
101,Nova cidade,Powerbank,"R$ 120,00",10934,2,1/26/2022,,,,,,
104,Avenida,Sofá,"R$ 1.550,00",14141,6,3/14/2022,,,,,,
102,Cidade Nova,Mi Band 6,"R$ 400,00",5663,15,1/30/2023,,,,,,
102,Nova cidade,Fone de Ouvido,"R$ 198,00",67889,6,2/3/2023,,,,,,
101,Nova cidade,Ar condicionado,"R$ 1.700,00",10934,16,5/6/2022,,,,,,
106,Matriz,Bebedouro,"R$ 550,00",481,20,1/16/2023,,,,,,
106,Avenida,Jogo de Panela,"R$ 340,00",2592,9,12/17/2022,,,,,,
101,Nova cidade,Guarda Roupa,"R$ 710,00",67889,6,2/4/2022,,,,,,
103,Matriz,XBOX SERIESSSS,"R$ 2.000,00",481,8,2/9/2023,,,,,,
106,Nova cidade,Geladeira,"R$ 3.456,00",10934,7,7/15/2022,,,,,,
102,Amazonas Shopping,Ar condicionado,"R$ 1.700,00",15176,12,1/3/2023,,,,,,
102,Eduardo Gomes,Fone de Ouvido,"R$ 198,00",20000541,11,9/29/2022,,,,,,
105,Matriz,Bebedouro,"R$ 550,00",44993,13,11/25/2022,,,,,,
103,Avenida,Berço,"R$ 690,00",19231,6,10/18/2022,,,,,,
103,Amazonas Shopping,Samsung,"R$ 1.700,00",45689,7,1/16/2023,,,,,,
101,Matriz,Mi Band 6,"R$ 400,00",141000,20,4/4/2022,,,,,,
104,Avenida,Cama,"R$ 1.300,00",11022,1,9/21/2022,,,,,,
105,Matriz,Powerbank,"R$ 120,00",44993,19,9/19/2022,,,,,,
103,Amazonas Shopping,Mi Band 6,"R$ 400,00",45689,17,12/7/2022,,,,,,
106,Matriz,Fone de Ouvido,"R$ 198,00",44993,5,2/27/2022,,,,,,
102,Amazonas Shopping,Notebook,"R$ 3.115,00",15176,15,3/24/2022,,,,,,
102,Amazonas Shopping,Geladeira,"R$ 3.456,00",5657,9,8/26/2022,,,,,,
104,Matriz,Cadeira Gamer,"R$ 1.200,00",44993,13,6/28/2022,,,,,,
106,Avenida,Bicicleta,"R$ 1.200,00",29020,12,1/28/2023,,,,,,
104,Eduardo Gomes,Geladeira,"R$ 3.456,00",200004434,4,4/8/2022,,,,,,
105,Amazonas Shopping,Monitor,"R$ 1.100,00",45689,20,9/30/2022,,,,,,
105,Cidade Nova,Geladeira,"R$ 3.456,00",13414,14,2/21/2023,,,,,,
102,Eduardo Gomes,Brinquedos,"R$ 400,00",200004434,5,6/10/2022,,,,,,
105,Avenida,Fogão,"R$ 1.834,00",14141,19,5/4/2022,,,,,,
105,Amazonas Shopping,Bebedouro,"R$ 550,00",17988,5,11/18/2022,,,,,,
105,Eduardo Gomes,Powerbank,"R$ 120,00",41311,7,11/9/2022,,,,,,
103,Cidade Nova,Jogo de Panela,"R$ 340,00",5663,8,5/7/2022,,,,,,
102,Nova cidade,Samsung,"R$ 1.700,00",10934,8,12/10/2022,,,,,,
101,Nova cidade,Xbox series s,"R$ 2.000,00",10934,9,11/22/2022,,,,,,
105,Avenida,Cama,"R$ 1.300,00",49590,14,2/16/2023,,,,,,
104,Avenida,Jogo de Panela,"R$ 340,00",2592,7,1/8/2022,,,,,,
103,Avenida,Monitor,"R$ 1.100,00",19231,9,2/16/2023,,,,,,
104,Eduardo Gomes,Bicicleta,"R$ 1.200,00",41311,8,10/12/2022,,,,,,
105,Cidade Nova,Xbox series s,"R$ 2.000,00",55453,14,5/7/2022,,,,,,
101,Cidade Nova,Bicicleta,"R$ 1.200,00",5663,5,10/8/2022,,,,,,
101,Cidade Nova,Televisão,"R$ 2.320,00",55354,4,8/27/2022,,,,,,
103,Matriz,Brinquedos,"R$ 400,00",44993,8,1/29/2023,,,,,,
105,Amazonas Shopping,Teclado,"R$ 215,00",14522,18,11/24/2022,,,,,,
104,Cidade Nova,Brinquedos,"R$ 400,00",55354,19,9/2/2022,,,,,,
103,Eduardo Gomes,Notebook,"R$ 3.115,00",200004434,6,1/5/2022,,,,,,
106,Cidade Nova,Geladeira,"R$ 3.456,00",5663,18,8/19/2022,,,,,,
104,Avenida,Iphone,"R$ 7.500,00",49590,19,1/8/2022,,,,,,
104,Avenida,Guarda Roupa,"R$ 710,00",14141,20,1/6/2023,,,,,,
104,Eduardo Gomes,Iphone,"R$ 7.500,00",20000541,17,5/30/2022,,,,,,
102,Matriz,Televisão,"R$ 2.320,00",41949,12,9/10/2022,,,,,,
106,Matriz,Monitor,"R$ 1.100,00",481,8,6/4/2022,,,,,,
102,Avenida,Bebedouro,"R$ 550,00",49590,5,2/15/2023,,,,,,
101,Amazonas Shopping,Iphone,"R$ 7.500,00",4428,7,1/22/2022,,,,,,
101,Cidade Nova,Cadeira Gamer,"R$ 1.200,00",5663,1,12/22/2022,,,,,,
103,Nova cidade,Jogo de Panela,"R$ 340,00",49592,18,10/27/2022,,,,,,
105,Matriz,Berço,"R$ 690,00",481,12,3/5/2022,,,,,,
102,Amazonas Shopping,IPHOne,"R$ 7.500,00",11022,4,3/27/2022,,,,,,
101,Eduardo Gomes,Teclado,"R$ 215,00",41414,12,10/3/2022,,,,,,
104,Cidade Nova,Mouse,"R$ 47,00",5663,15,8/19/2022,,,,,,
104,Matriz,Mouse,"R$ 47,00",481,20,10/22/2022,,,,,,
102,Avenida,Samsung,"R$ 1.700,00",19231,17,12/24/2022,,,,,,
103,Amazonas Shopping,Iphone,"R$ 7.500,00",5657,4,2/20/2022,,,,,,
103,Matriz,Sofá,"R$ 1.550,00",41949,3,9/16/2022,,,,,,
105,Nova cidade,Brinquedos,"R$ 400,00",49592,13,11/9/2022,,,,,,
103,Matriz,Xbox series s,"R$ 2.000,00",44993,1,12/20/2022,,,,,,
103,Amazonas Shopping,Powerbank,"R$ 120,00",5657,20,4/28/2022,,,,,,
106,Matriz,Samsung,"R$ 1.700,00",481,3,3/23/2022,,,,,,
105,Ammazonas Shoping,Cama,"R$ 1.300,00",4428,2,3/19/2022,,,,,,
106,Amazonas Shopping,Monitor,"R$ 1.100,00",4428,7,2/2/2023,,,,,,
101,Eduardo Gomes,Berço,"R$ 690,00",41311,1,8/10/2022,,,,,,
104,Avenida,Guarda Roupa,"R$ 710,00",49590,19,4/22/2022,,,,,,
105,Cidade Nova,Iphone,"R$ 7.500,00",55354,9,3/6/2022,,,,,,
106,Nova cidade,Fogão,"R$ 1.834,00",34535,6,9/19/2022,,,,,,
105,Matriz,Jogo de Panela,"R$ 340,00",44993,19,2/21/2022,,,,,,
106,Nova cidade,Ar condicionado,"R$ 1.700,00",49592,3,6/4/2022,,,,,,
104,Matriz,Teclado,"R$ 215,00",41949,13,3/2/2022,,,,,,
106,Nova cidade,Sofá,"R$ 1.550,00",14951,20,4/18/2022,,,,,,
102,Cidade Nova,Xbox series s,"R$ 2.000,00",13414,15,3/29/2022,,,,,,
102,Amazonas Shopping,Iphone,"R$ 7.500,00",15176,18,3/26/2022,,,,,,
104,Matriz,Teclado,"R$ 215,00",481,16,1/2/2023,,,,,,
104,Avenida,Geladeira,"R$ 3.456,00",49590,11,7/3/2022,,,,,,
106,Eduardo Gomes,Xbox series s,"R$ 2.000,00",41311,6,3/10/2022,,,,,,
104,Eduardo Gomes,Bebedouro,"R$ 550,00",481,17,12/8/2022,,,,,,
104,Avenida,Xbox series s,"R$ 2.000,00",14141,20,1/9/2023,,,,,,
101,Eduardo Gomes,Cama,"R$ 1.300,00",20000541,6,4/2/2022,,,,,,
103,Eduardo Gomes,Xbox series s,"R$ 2.000,00",481,6,5/20/2022,,,,,,
101,Nova cidade,Cadeira Gamer,"R$ 1.200,00",49592,2,4/18/2022,,,,,,
102,Eduardo Gomes,Xbox series s,"R$ 2.000,00",200004434,19,9/16/2022,,,,,,
106,Matriz,Fone d Ouvido,"R$ 198,00",141000,9,5/14/2022,,,,,,
101,Amazonas Shopping,Mouse,"R$ 47,00",4428,3,1/8/2022,,,,,,
105,Amazonas Shopping,Notebook,"R$ 3.115,00",17988,1,12/2/2022,,,,,,
104,Avenida,Cadeira Gamer,"R$ 1.200,00",2592,9,2/4/2023,,,,,,
102,Nova cidade,Berço,"R$ 690,00",10934,17,6/24/2022,,,,,,
105,Nova cidade,Guarda Roupa,"R$ 710,00",10934,19,7/4/2022,,,,,,
101,Cidade Nova,Berço,"R$ 690,00",5663,2,7/20/2022,,,,,,
102,Matriz,Microondas,"R$ 600,00",41949,18,10/29/2022,,,,,,
104,Eduardo Gomes,Cama,"R$ 1.300,00",41311,13,1/28/2023,,,,,,
105,Amazonas Shopping,Notebook,"R$ 3.115,00",17988,2,10/22/2022,,,,,,
102,Cidade Nova,Berço,"R$ 690,00",5663,8,6/23/2022,,,,,,
105,Eduardo Gomes,Sofá,"R$ 1.550,00",481,7,8/17/2022,,,,,,
103,Nova cidade,Mi Band 6,"R$ 400,00",14951,10,2/9/2023,,,,,,
106,Avenida,Jogo de Panela,"R$ 340,00",19231,6,5/30/2022,,,,,,
103,Cidade Nova,Powerbank,"R$ 120,00",13414,7,1/4/2023,,,,,,
104,Avenida,Bebedouro,"R$ 550,00",29020,20,2/8/2022,,,,,,
106,Avenida,Fone d Ouvido,"R$ 198,00",29020,3,3/12/2022,,,,,,
104,Avenida,Teclado,"R$ 215,00",19231,18,2/7/2023,,,,,,
105,Amazonas Shopping,Monitor,"R$ 1.100,00",5657,6,10/15/2022,,,,,,
103,Avenida,Fogão,"R$ 1.834,00",29020,19,9/25/2022,,,,,,
102,Cidade Nova,Cadeira Gamer,"R$ 1.200,00",2123,19,2/24/2023,,,,,,
102,Avenida,Guarda Roupa,"R$ 710,00",49590,2,1/21/2023,,,,,,
102,Cidade Nova,Fogão,"R$ 1.834,00",13414,9,8/19/2022,,,,,,
103,Amazonas Shopping,Powerbank,"R$ 120,00",4428,2,1/13/2023,,,,,,
103,Eduardo Gomes,Jogo de Panela,"R$ 340,00",481,6,7/31/2022,,,,,,
106,Eduardo Gomes,Brinquedos,"R$ 400,00",41414,10,11/24/2022,,,,,,
104,Avenida,Fogão,"R$ 1.834,00",14141,19,2/17/2022,,,,,,
102,Avenida,Samsung,"R$ 1.700,00",14141,3,9/16/2022,,,,,,
102,Eduardo Gomes,Fone d Ouvido,"R$ 198,00",200004434,12,1/18/2022,,,,,,
106,Nova cidade,Mi Band 6,"R$ 400,00",10934,16,2/16/2022,,,,,,
106,Matriz,Bicicleta,"R$ 1.200,00",141000,14,1/26/2023,,,,,,
103,Cidade Nova,Bicicleta,"R$ 1.200,00",2123,3,12/19/2022,,,,,,
105,Nova cidade,Microondas,"R$ 600,00",67889,17,12/6/2022,,,,,,
101,Cidade Nova,Jogo de Panela,"R$ 340,00",5663,18,11/1/2022,,,,,,
106,Amazonas Shopping,Iphone,"R$ 7.500,00",15176,1,9/16/2022,,,,,,
101,Nova cidade,Guarda Roupa,"R$ 710,00",14951,9,2/4/2023,,,,,,
104,Avenida,Teclado,"R$ 215,00",29020,14,2/27/2022,,,,,,
103,Cidade Nova,Guarda Roupa,"R$ 710,00",11022,3,9/12/2022,,,,,,
102,Avenida,Mi Band 6,"R$ 400,00",14141,17,2/10/2022,,,,,,
106,Eduardo Gomes,Jogo de Panela,"R$ 340,00",200004434,12,11/11/2022,,,,,,
102,Cidade Nova,Guarda Roupa,"R$ 710,00",55354,9,12/12/2022,,,,,,
103,Matriz,Ar condicionado,"R$ 1.700,00",481,7,1/12/2022,,,,,,
106,Matriz,Monitor,"R$ 1.100,00",141000,8,12/20/2022,,,,,,
102,Amazonas Shopping,Bicicleta,"R$ 1.200,00",4428,7,4/21/2022,,,,,,
106,Avenida,Jogo de Panela,"R$ 340,00",49590,18,1/20/2023,,,,,,
104,Eduardo Gomes,Ar condicionado,"R$ 1.700,00",200004434,11,8/6/2022,,,,,,
101,Nova cidade,Bebedouro,"R$ 550,00",10934,11,8/22/2022,,,,,,
106,Nova cidade,Mi Band 6,"R$ 400,00",49592,6,1/29/2023,,,,,,
106,Matriz,Mouse,"R$ 47,00",141000,1,8/2/2022,,,,,,
102,Matriz,Cama,"R$ 1.300,00",141000,2,11/30/2022,,,,,,
104,Avenida,Fone de Ouvido,"R$ 198,00",19231,16,6/19/2022,,,,,,
102,Matriz,Mi Band 6,"R$ 400,00",141000,4,10/31/2022,,,,,,
104,Matriz,Microondas,"R$ 600,00",481,2,2/10/2022,,,,,,
106,Amazonas Shopping,Televisão,"R$ 2.320,00",15176,9,1/24/2022,,,,,,
101,Amazonas Shopping,Teclado,"R$ 215,00",5657,7,11/17/2022,,,,,,
104,Nova cidade,Guarda Roupa,"R$ 710,00",49592,17,4/19/2022,,,,,,
106,Amazonas Shopping,Guarda Roupa,"R$ 710,00",15176,6,1/13/2023,,,,,,
102,Matriz,Geladeira,"R$ 3.456,00",141000,8,9/6/2022,,,,,,
106,Nova cidade,Geladeira,"R$ 3.456,00",67889,12,8/25/2022,,,,,,
105,Matriz,Microondas,"R$ 600,00",44993,1,9/13/2022,,,,,,
105,Nova cidade,Ar_condicionado,"R$ 1.700,00",10934,13,3/15/2022,,,,,,
103,Nova cidade,Guarda Roupa,"R$ 710,00",34535,14,6/30/2022,,,,,,
104,Amazonas Shopping,Powerbank,"R$ 120,00",45689,5,6/13/2022,,,,,,
102,Eduardo Gomes,Mouse,"R$ 47,00",41414,3,3/7/2022,,,,,,
101,Matriz,Cama,"R$ 1.300,00",41949,16,3/18/2022,,,,,,
103,Cidade Nova,Cadeira Gamer,"R$ 1.200,00",55453,16,6/24/2022,,,,,,
102,Cidade Nova,Microondas,"R$ 600,00",5663,5,4/1/2022,,,,,,
101,Amazonas Shopping,Xbox series s,"R$ 2.000,00",15176,15,8/31/2022,,,,,,
101,Cidade Nova,Mi Band 6,"R$ 400,00",13414,7,2/25/2023,,,,,,
101,Matriz,Bicicleta,"R$ 1.200,00",481,14,1/24/2023,,,,,,
101,Matriz,Fogão,"R$ 1.834,00",141000,20,3/17/2022,,,,,,
101,Cidade Nova,Samsung,"R$ 1.700,00",2123,14,1/17/2023,,,,,,
104,Eduardo Gomes,Geladeira,"R$ 3.456,00",200004434,16,4/18/2022,,,,,,
103,Amazonas Shopping,Notebook,"R$ 3.115,00",5657,12,11/6/2022,,,,,,
104,Avenida,Televisão,"R$ 2.320,00",49590,9,7/2/2022,,,,,,
106,Matriz,Notebook,"R$ 3.115,00",141000,19,1/31/2023,,,,,,
103,Eduardo Gomes,Guarda Roupa,"R$ 710,00",200004434,16,10/23/2022,,,,,,
105,Avenida,Geladeira,"R$ 3.456,00",49590,2,5/1/2022,,,,,,
105,Avenida,Monitor,"R$ 1.100,00",19231,10,10/15/2022,,,,,,
101,Amazonas Shopping,Mi Band 6,"R$ 400,00",14522,13,1/15/2023,,,,,,
103,Cidade Nova,Televisão,"R$ 2.320,00",55354,10,12/18/2022,,,,,,
105,Avenida,Cama,"R$ 1.300,00",19231,14,2/24/2023,,,,,,
105,Matriz,Brinquedos,"R$ 400,00",41949,14,11/28/2022,,,,,,
102,Nova cidade,Brinquedos,"R$ 400,00",67889,12,12/27/2022,,,,,,
105,Nova cidade,Teclado,"R$ 215,00",49592,10,4/30/2022,,,,,,
106,Amazonas Shopping,Mouse,"R$ 47,00",5657,1,11/20/2022,,,,,,
104,Nova cidade,Sofá,"R$ 1.550,00",67889,5,6/3/2022,,,,,,
105,Cidade Nova,Berço,"R$ 690,00",55453,11,12/8/2022,,,,,,
104,Cidade Nova,Iphone,"R$ 7.500,00",5663,2,1/4/2023,,,,,,
105,Avenida,Microondas,"R$ 600,00",19231,14,1/12/2022,,,,,,
104,Nova cidade,Fogão,"R$ 1.834,00",67889,5,3/28/2022,,,,,,
102,Avenida,Sofá,"R$ 1.550,00",14141,8,7/21/2022,,,,,,
105,Amazonas Shopping,Berço,"R$ 690,00",5657,2,8/19/2022,,,,,,
103,Amazonas Shopping,Xbox series s,"R$ 2.000,00",14522,3,4/29/2022,,,,,,
102,Nova cidade,Mouse,"R$ 47,00",14951,19,1/27/2023,,,,,,
105,Avenida,Xbox series s,"R$ 2.000,00",49590,17,11/6/2022,,,,,,
102,Amazonas Shopping,Sofá,"R$ 1.550,00",5657,3,1/24/2022,,,,,,
103,Avenida,Bicicleta,"R$ 1.200,00",49590,16,2/4/2022,,,,,,
106,Avenida,Powerbank,"R$ 120,00",29020,10,3/26/2022,,,,,,
105,Avenida,Jogo de Panela,"R$ 340,00",14141,19,4/28/2022,,,,,,
106,Avenida,Cama,"R$ 1.300,00",19231,2,5/27/2022,,,,,,
106,Amazonas Shopping,Guarda Roupa,"R$ 710,00",45689,16,11/21/2022,,,,,,
102,Avenida,Samsung,"R$ 1.700,00",14141,17,10/17/2022,,,,,,
105,Nova cidade,Jogo de Panela,"R$ 340,00",14951,16,12/25/2022,,,,,,
102,Eduardo Gomes,Bicicleta,"R$ 1.200,00",41414,13,6/8/2022,,,,,,
101,Nova cidade,Notebook,"R$ 3.115,00",34535,1,6/18/2022,,,,,,
106,Cidade Nova,Xbox series s,"R$ 2.000,00",2123,17,8/16/2022,,,,,,
101,Avenida,Iphone,"R$ 7.500,00",2592,17,2/25/2022,,,,,,
106,Matriz,Cama,"R$ 1.300,00",41949,19,6/1/2022,,,,,,
104,Avenida,Microondas,"R$ 600,00",19231,20,9/16/2022,,,,,,
104,Matriz,Geladeira,"R$ 3.456,00",481,4,7/4/2022,,,,,,
102,Avenida,Cadeira Gamer,"R$ 1.200,00",14141,17,2/22/2022,,,,,,
101,Eduardo Gomes,Mi Band 6,"R$ 400,00",41414,4,3/3/2022,,,,,,
106,Eduardo Gomes,Geladeira,"R$ 3.456,00",41414,7,9/30/2022,,,,,,
105,Amazonas Shopping,Cama,"R$ 1.300,00",15176,14,12/20/2022,,,,,,
105,Nova cidade,Geladeira,"R$ 3.456,00",14951,16,1/26/2023,,,,,,
104,Avenida,Brinquedos,"R$ 400,00",49590,18,11/24/2022,,,,,,
106,Avenida,Jogo de Panela,"R$ 340,00",29020,16,10/5/2022,,,,,,
104,Nova cidade,Mouse,"R$ 47,00",14951,15,3/8/2022,,,,,,
101,Nova cidade,Berço,"R$ 690,00",11022,1,2/8/2022,,,,,,
104,Amazonas Shopping,Microondas,"R$ 600,00",45689,12,2/3/2022,,,,,,
105,Eduardo Gomes,Iphone,"R$ 7.500,00",200004434,6,9/16/2022,,,,,,
102,Cidade Nova,Guarda Roupa,"R$ 710,00",2123,11,9/23/2022,,,,,,
106,Cidade Nova,Cadeira Gamer,"R$ 1.200,00",55354,3,11/5/2022,,,,,,
102,Avenida,Berço,"R$ 690,00",2592,11,9/28/2022,,,,,,
105,Nova cidade,Berço,"R$ 690,00",10934,16,5/5/2022,,,,,,
104,Nova cidade,Televisão,"R$ 2.320,00",34535,4,6/25/2022,,,,,,
102,Eduardo Gomes,Iphone,"R$ 7.500,00",41414,10,11/19/2022,,,,,,
106,Nova cidade,Powerbank,"R$ 120,00",34535,4,2/25/2022,,,,,,
105,Nova cidade,Cadeira Gamer,"R$ 1.200,00",49592,10,1/27/2023,,,,,,
103,Eduardo Gomes,Brinquedos,"R$ 400,00",200004434,18,12/20/2022,,,,,,
105,Avenida,Iphone,"R$ 7.500,00",49590,4,12/31/2022,,,,,,
102,Cidade Nova,Jogo de Panela,"R$ 340,00",2123,14,11/23/2022,,,,,,
104,Matriz,Sofá,"R$ 1.550,00",41949,6,8/9/2022,,,,,,
104,Amazonas Shopping,Guarda Roupa,"R$ 710,00",45689,11,6/24/2022,,,,,,
105,Eduardo Gomes,Brinquedos,"R$ 400,00",481,4,3/1/2022,,,,,,
101,Cidade Nova,Televisão,"R$ 2.320,00",5663,10,4/24/2022,,,,,,
103,Avenida,Fone de Ouvido,"R$ 198,00",29020,13,11/6/2022,,,,,,
102,Cidade Nova,Samsung,"R$ 1.700,00",55453,7,10/29/2022,,,,,,
101,Nova cidade,Bicicleta,"R$ 1.200,00",14951,12,4/25/2022,,,,,,
105,Eduardo Gomes,Mouse,"R$ 47,00",41414,20,7/5/2022,,,,,,
105,Nova cidade,Powerbank,"R$ 120,00",10934,9,1/27/2022,,,,,,
102,Eduardo Gomes,Sofá,"R$ 1.550,00",20000541,7,2/15/2023,,,,,,
101,Matriz,Monitor,"R$ 1.100,00",141000,14,1/4/2022,,,,,,
106,Amazonas Shopping,Fogão,"R$ 1.834,00",5657,10,7/2/2022,,,,,,
103,Amazonas Shopping,Guarda Roupa,"R$ 710,00",4428,4,9/4/2022,,,,,,
104,Cidade Nova,Mouse,"R$ 47,00",2123,9,11/4/2022,,,,,,
101,Amazonas Shopping,Sofá,"R$ 1.550,00",5657,18,3/3/2022,,,,,,
105,Eduardo Gomes,Mouse,"R$ 47,00",481,15,4/19/2022,,,,,,
101,Amazonas Shopping,Ar_condicionado,"R$ 1.700,00",5657,6,1/17/2023,,,,,,
104,Cidade Nova,Jogo de Panela,"R$ 340,00",5663,3,1/19/2023,,,,,,
103,Matriz,Mi Band 6,"R$ 400,00",44993,5,12/17/2022,,,,,,
101,Amazonas Shopping,Ar_condicionado,"R$ 1.700,00",17988,15,4/27/2022,,,,,,
104,Matriz,Powerbank,"R$ 120,00",44993,20,1/4/2022,,,,,,
103,Avenida,Cadeira Gamer,"R$ 1.200,00",49590,15,1/17/2023,,,,,,
103,Amazonas Shopping,Cama,"R$ 1.300,00",45689,5,10/26/2022,,,,,,
101,Eduardo Gomes,Mi Band 6,"R$ 400,00",41311,20,2/17/2023,,,,,,
101,Eduardo Gomes,Bebedouro,"R$ 550,00",200004434,15,12/7/2022,,,,,,
102,Nova cidade,Monitor,"R$ 1.100,00",14951,8,9/20/2022,,,,,,
105,Cidade Nova,Xbox series s,"R$ 2.000,00",55453,6,2/26/2023,,,,,,
101,Nova cidade,Monitor,"R$ 1.100,00",10934,2,8/1/2022,,,,,,
104,Amazonas Shopping,Sofá,"R$ 1.550,00",14522,16,7/20/2022,,,,,,
103,Matriz,Ar_condicionado,"R$ 1.700,00",41949,15,9/17/2022,,,,,,
106,Cidade Nova,Sofá,"R$ 1.550,00",55453,3,7/27/2022,,,,,,
101,Amazonas Shopping,Ar_condicionado,"R$ 1.700,00",45689,18,2/15/2022,,,,,,
106,Amazonas Shopping,Fogão,"R$ 1.834,00",5657,10,10/31/2022,,,,,,
105,Nova cidade,Brinquedos,"R$ 400,00",67889,19,12/20/2022,,,,,,
105,Nova cidade,Mouse,"R$ 47,00",49592,9,12/10/2022,,,,,,
101,Nova cidade,Bicicleta,"R$ 1.200,00",14951,12,12/25/2022,,,,,,
105,Nova cidade,Teclado,"R$ 215,00",14951,11,10/27/2022,,,,,,
101,Avenida,Fogão,"R$ 1.834,00",2592,2,12/30/2022,,,,,,
105,Amazonas Shopping,Cadeira Gamer,"R$ 1.200,00",45689,3,10/16/2022,,,,,,
105,Nova cidade,Mouse,"R$ 47,00",49592,11,9/22/2022,,,,,,
105,Eduardo Gomes,Fogão,"R$ 1.834,00",20000541,7,2/4/2022,,,,,,
104,Matriz,Guarda Roupa,"R$ 710,00",44993,11,11/26/2022,,,,,,
102,Matriz,Berço,"R$ 690,00",44993,17,12/20/2022,,,,,,
102,Nova cidade,Bicicleta,"R$ 1.200,00",49592,13,1/15/2022,,,,,,
101,Eduardo Gomes,Mouse,"R$ 47,00",20000541,10,9/28/2022,,,,,,
104,Amazonas Shopping,Ar_condicionado,"R$ 1.700,00",45689,12,7/20/2022,,,,,,
106,Cidade Nova,Notebook,"R$ 3.115,00",2123,12,4/5/2022,,,,,,
106,Cidade Nova,Bebedouro,"R$ 550,00",5663,2,1/28/2022,,,,,,
104,Amazonas Shopping,Bebedouro,"R$ 550,00",5657,1,7/30/2022,,,,,,
103,Nova cidade,Notebook,"R$ 3.115,00",10934,3,5/9/2022,,,,,,
102,Eduardo Gomes,Teclado,"R$ 215,00",41311,10,8/20/2022,,,,,,
101,Avenida,Iphone,"R$ 7.500,00",49590,4,5/3/2022,,,,,,
106,Amazonas Shopping,Berço,"R$ 690,00",5657,2,6/8/2022,,,,,,
106,Avenida,Xbox series s,"R$ 2.000,00",19231,19,12/23/2022,,,,,,
105,Eduardo Gomes,Geladeira,"R$ 3.456,00",481,13,12/10/2022,,,,,,
103,Nova cidade,Notebook,"R$ 3.115,00",49592,2,1/4/2023,,,,,,
104,Amazonas Shopping,Televisão,"R$ 2.320,00",4428,15,4/4/2022,,,,,,
105,Eduardo Gomes,Cama,"R$ 1.300,00",41311,7,10/21/2022,,,,,,
105,Cidade Nova,Fogão,"R$ 1.834,00",13414,9,7/17/2022,,,,,,
106,Avenida,Fogão,"R$ 1.834,00",14141,6,3/19/2022,,,,,,
105,Avenida,Televisão,"R$ 2.320,00",29020,1,2/23/2023,,,,,,
105,Avenida,Fone de Ouvido,"R$ 198,00",14141,20,1/22/2022,,,,,,
105,Avenida,Mouse,"R$ 47,00",14141,15,2/24/2023,,,,,,
102,Eduardo Gomes,Fone de Ouvido,"R$ 198,00",41311,7,12/2/2022,,,,,,
106,Cidade Nova,Samsung,"R$ 1.700,00",5663,4,7/11/2022,,,,,,
104,Avenida,Sofá,"R$ 1.550,00",14141,9,3/15/2022,,,,,,
105,Nova cidade,Cama,"R$ 1.300,00",10934,8,2/27/2022,,,,,,
101,Amazonas Shopping,Powerbank,"R$ 120,00",4428,9,1/24/2023,,,,,,
102,Avenida,Fone de Ouvido,"R$ 198,00",19231,4,1/21/2022,,,,,,
102,Cidade Nova,Bicicleta,"R$ 1.200,00",13414,10,8/31/2022,,,,,,
106,Avenida,Sofá,"R$ 1.550,00",2592,7,2/6/2023,,,,,,
102,Eduardo Gomes,Cama,"R$ 1.300,00",481,20,9/18/2022,,,,,,
102,Amazonas Shopping,Bicicleta,"R$ 1.200,00",4428,18,7/9/2022,,,,,,
101,Cidade Nova,Samsung,"R$ 1.700,00",55453,4,6/3/2022,,,,,,
102,Cidade Nova,Geladeira,"R$ 3.456,00",55354,15,9/27/2022,,,,,,
103,Nova cidade,Guarda Roupa,"R$ 710,00",14951,11,5/22/2022,,,,,,
104,Eduardo Gomes,Geladeira,"R$ 3.456,00",481,20,3/9/2022,,,,,,
105,Cidade Nova,Microondas,"R$ 600,00",5663,5,12/29/2022,,,,,,
101,Avenida,Bebedouro,"R$ 550,00",14141,2,11/5/2022,,,,,,
103,Nova cidade,Sofá,"R$ 1.550,00",10934,5,9/17/2022,,,,,,
101,Cidade Nova,Jogo de Panela,"R$ 340,00",55354,5,12/14/2022,,,,,,
106,Eduardo Gomes,Geladeira,"R$ 3.456,00",20000541,1,3/17/2022,,,,,,
103,Cidade Nova,Samsung,"R$ 1.700,00",11022,15,8/20/2022,,,,,,
106,Eduardo Gomes,Mi Band 6,"R$ 400,00",200004434,11,4/17/2022,,,,,,
102,Avenida,Mi Band 6,"R$ 400,00",2592,14,1/25/2023,,,,,,
101,Avenida,Notebook,"R$ 3.115,00",14141,3,7/23/2022,,,,,,
102,Avenida,Jogo de Panela,"R$ 340,00",29020,11,2/11/2023,,,,,,
104,Cidade Nova,Mi Band 6,"R$ 400,00",5663,19,7/5/2022,,,,,,
105,Avenida,Microondas,"R$ 600,00",29020,10,9/21/2022,,,,,,
103,Nova cidade,Sofá,"R$ 1.550,00",10934,7,2/5/2023,,,,,,
105,Avenida,Geladeira,"R$ 3.456,00",19231,5,7/28/2022,,,,,,
102,Amazonas Shopping,Mi Band 6,"R$ 400,00",5657,14,1/16/2023,,,,,,
103,Matriz,Brinquedos,"R$ 400,00",141000,4,2/7/2022,,,,,,
102,Avenida,Bebedouro,"R$ 550,00",19231,15,11/9/2022,,,,,,
102,Nova cidade,Notebook,"R$ 3.115,00",10934,8,5/31/2022,,,,,,
102,Cidade Nova,Jogo de Panela,"R$ 340,00",55453,6,6/16/2022,,,,,,
106,Nova cidade,Iphone,"R$ 7.500,00",49592,11,1/31/2022,,,,,,
102,Matriz,Mi Band 6,"R$ 400,00",44993,6,11/4/2022,,,,,,
105,Cidade Nova,Powerbank,"R$ 120,00",55453,18,11/2/2022,,,,,,
102,Matriz,Mi Band 6,"R$ 400,00",481,3,8/20/2022,,,,,,
106,Nova cidade,Bebedouro,"R$ 550,00",34535,5,1/20/2023,,,,,,
101,Cidade Nova,Geladeira,"R$ 3.456,00",13414,4,11/18/2022,,,,,,
106,Matriz,Microondas,"R$ 600,00",44993,4,8/2/2022,,,,,,
101,Matriz,Sofá,"R$ 1.550,00",44993,1,4/15/2022,,,,,,
105,Nova cidade,Bebedouro,"R$ 550,00",49592,11,1/2/2022,,,,,,
102,Cidade Nova,Televisão,"R$ 2.320,00",55453,10,2/14/2022,,,,,,
101,Amazonas Shopping,Monitor,"R$ 1.100,00",15176,7,5/17/2022,,,,,,
106,Avenida,Televisão,"R$ 2.320,00",29020,16,10/3/2022,,,,,,
105,Eduardo Gomes,Bebedouro,"R$ 550,00",41414,20,11/18/2022,,,,,,
102,Eduardo Gomes,Samsung,"R$ 1.700,00",20000541,11,9/7/2022,,,,,,
102,Matriz,Brinquedos,"R$ 400,00",481,3,11/21/2022,,,,,,
106,Nova cidade,Mouse,"R$ 47,00",10934,4,2/6/2022,,,,,,
101,Eduardo Gomes,Brinquedos,"R$ 400,00",481,7,6/21/2022,,,,,,
102,Cidade Nova,Xbox series s,"R$ 2.000,00",55453,20,2/5/2023,,,,,,
102,Nova cidade,Mi Band 6,"R$ 400,00",49592,5,1/26/2022,,,,,,
106,Nova cidade,Fone de Ouvido,"R$ 198,00",10934,6,1/26/2022,,,,,,
104,Nova cidade,Cadeira Gamer,"R$ 1.200,00",34535,6,11/1/2022,,,,,,
106,Amazonas Shopping,Iphone,"R$ 7.500,00",15176,16,12/10/2022,,,,,,
104,Cidade Nova,Cadeira Gamer,"R$ 1.200,00",5663,5,5/10/2022,,,,,,
104,Matriz,Teclado,"R$ 215,00",44993,18,12/23/2022,,,,,,
103,Avenida,Cadeira Gamer,"R$ 1.200,00",29020,4,9/19/2022,,,,,,
105,Cidade Nova,Bicicleta,"R$ 1.200,00",55354,1,1/2/2023,,,,,,
104,Matriz,Fogão,"R$ 1.834,00",41949,16,1/23/2023,,,,,,
103,Matriz,Monitor,"R$ 1.100,00",41949,8,2/13/2022,,,,,,
106,Cidade Nova,Geladeira,"R$ 3.456,00",55354,9,9/30/2022,,,,,,
104,Cidade Nova,Microondas,"R$ 600,00",5663,16,9/22/2022,,,,,,
104,Cidade Nova,Cama,"R$ 1.300,00",2123,2,8/12/2022,,,,,,
104,Cidade Nova,Berço,"R$ 690,00",2123,2,7/10/2022,,,,,,
106,Matriz,Teclado,"R$ 215,00",481,18,1/30/2022,,,,,,
101,Cidade Nova,Mi Band 6,"R$ 400,00",13414,17,7/9/2022,,,,,,
102,Eduardo Gomes,Ar_condicionado,"R$ 1.700,00",41311,3,12/1/2022,,,,,,
103,Avenida,Bebedouro,"R$ 550,00",19231,13,10/1/2022,,,,,,
102,Eduardo Gomes,Microondas,"R$ 600,00",20000541,19,12/10/2022,,,,,,
101,Avenida,Cama,"R$ 1.300,00",14141,15,7/29/2022,,,,,,
105,Cidade Nova,Iphone,"R$ 7.500,00",55453,11,7/13/2022,,,,,,
105,Amazonas Shopping,Microondas,"R$ 600,00",17988,2,1/9/2023,,,,,,
103,Avenida,Guarda Roupa,"R$ 710,00",49590,13,10/1/2022,,,,,,
105,Eduardo Gomes,Jogo de Panela,"R$ 340,00",200004434,15,6/25/2022,,,,,,
106,Matriz,Microondas,"R$ 600,00",481,3,1/18/2022,,,,,,
102,Nova cidade,Microondas,"R$ 600,00",49592,15,6/20/2022,,,,,,
103,Eduardo Gomes,Notebook,"R$ 3.115,00",41311,10,5/23/2022,,,,,,
103,Cidade Nova,Xbox series s,"R$ 2.000,00",5663,14,11/16/2022,,,,,,
104,Cidade Nova,Jogo de Panela,"R$ 340,00",13414,13,1/6/2023,,,,,,
105,Cidade Nova,Brinquedos,"R$ 400,00",55354,8,6/16/2022,,,,,,
102,Avenida,Teclado,"R$ 215,00",49590,8,2/27/2023,,,,,,
104,Cidade Nova,Sofá,"R$ 1.550,00",55354,11,5/10/2022,,,,,,
103,Matriz,Mouse,"R$ 47,00",44993,13,10/23/2022,,,,,,
105,Matriz,Mouse,"R$ 47,00",44993,14,2/11/2022,,,,,,
104,Amazonas Shopping,Geladeira,"R$ 3.456,00",45689,1,12/8/2022,,,,,,
104,Eduardo Gomes,Geladeira,"R$ 3.456,00",481,14,11/22/2022,,,,,,
104,Cidade Nova,Bebedouro,"R$ 550,00",55453,7,3/23/2022,,,,,,
103,Eduardo Gomes,Iphone,"R$ 7.500,00",20000541,18,11/28/2022,,,,,,
102,Avenida,Berço,"R$ 690,00",29020,14,7/5/2022,,,,,,
104,Eduardo Gomes,Ar condicionado,"R$ 1.700,00",41311,5,6/13/2022,,,,,,
102,Amazonas Shopping,Ar condicionado,"R$ 1.700,00",17988,8,9/7/2022,,,,,,
105,Avenida,Guarda Roupa,"R$ 710,00",2592,5,4/27/2022,,,,,,
105,Amazonas Shopping,Jogo de Panela,"R$ 340,00",15176,20,1/12/2023,,,,,,
104,Matriz,Monitor,"R$ 1.100,00",481,3,9/3/2022,,,,,,
101,Matriz,Samsung,"R$ 1.700,00",41949,11,6/28/2022,,,,,,
101,Matriz,Bebedouro,"R$ 550,00",41949,13,8/11/2022,,,,,,
105,Avenida,Cama,"R$ 1.300,00",49590,5,4/19/2022,,,,,,
103,Eduardo Gomes,Samsung,"R$ 1.700,00",481,13,11/26/2022,,,,,,
105,Eduardo Gomes,Geladeira,"R$ 3.456,00",20000541,7,11/16/2022,,,,,,
105,Eduardo Gomes,Notebook,"R$ 3.115,00",481,11,12/12/2022,,,,,,
103,Nova cidade,Powerbank,"R$ 120,00",34535,14,1/1/2023,,,,,,
105,Cidade Nova,Bebedouro,"R$ 550,00",55453,7,2/25/2022,,,,,,
101,Nova cidade,Bicicleta,"R$ 1.200,00",67889,1,10/19/2022,,,,,,
104,Avenida,Fogão,"R$ 1.834,00",14141,4,1/4/2022,,,,,,
104,Nova cidade,Guarda Roupa,"R$ 710,00",11022,9,8/16/2022,,,,,,
103,Eduardo Gomes,Cadeira Gamer,"R$ 1.200,00",481,15,2/21/2022,,,,,,
102,Matriz,Cadeira Gamer,"R$ 1.200,00",44993,12,12/4/2022,,,,,,
106,Nova cidade,Bebedouro,"R$ 550,00",49592,5,8/3/2022,,,,,,
106,Eduardo Gomes,Bicicleta,"R$ 1.200,00",200004434,15,5/15/2022,,,,,,
101,Nova cidade,Jogo de Panela,"R$ 340,00",67889,1,7/14/2022,,,,,,
102,Eduardo Gomes,Mi Band 6,"R$ 400,00",200004434,12,3/10/2022,,,,,,
103,Avenida,Bicicleta,"R$ 1.200,00",29020,5,5/20/2022,,,,,,
104,Cidade Nova,Televisão,"R$ 2.320,00",13414,1,12/17/2022,,,,,,
104,Cidade Nova,Notebook,"R$ 3.115,00",13414,11,3/31/2022,,,,,,
106,Cidade Nova,Iphone,"R$ 7.500,00",2123,17,2/18/2022,,,,,,
104,Amazonas Shopping,Samsung,"R$ 1.700,00",17988,6,3/30/2022,,,,,,
106,Matriz,Ar condicionado,"R$ 1.700,00",41949,14,7/18/2022,,,,,,
102,Eduardo Gomes,Monitor,"R$ 1.100,00",200004434,13,7/16/2022,,,,,,
105,Cidade Nova,Ar condicionado,"R$ 1.700,00",5663,11,6/4/2022,,,,,,
101,Nova cidade,Teclado,"R$ 215,00",14951,16,4/26/2022,,,,,,
106,Cidade Nova,Televisão,"R$ 2.320,00",55453,6,5/8/2022,,,,,,
105,Nova cidade,Fogão,"R$ 1.834,00",67889,18,6/17/2022,,,,,,
105,Amazonas Shopping,Brinquedos,"R$ 400,00",45689,15,2/28/2022,,,,,,
101,Eduardo Gomes,Iphone,"R$ 7.500,00",20000541,7,7/6/2022,,,,,,
103,Nova cidade,Monitor,"R$ 1.100,00",10934,3,12/16/2022,,,,,,
106,Avenida,Cama,"R$ 1.300,00",49590,16,3/21/2022,,,,,,
105,Eduardo Gomes,Microondas,"R$ 600,00",41311,6,3/24/2022,,,,,,
102,Eduardo Gomes,Mouse,"R$ 47,00",20000541,19,8/7/2022,,,,,,
106,Nova cidade,Televisão,"R$ 2.320,00",49592,3,3/17/2022,,,,,,
103,Matriz,Brinquedos,"R$ 400,00",41949,18,11/3/2022,,,,,,
104,Matriz,Xbox series s,"R$ 2.000,00",44993,6,1/1/2022,,,,,,
105,Amazonas Shopping,Jogo de Panela,"R$ 340,00",5657,19,7/6/2022,,,,,,
101,Amazonas Shopping,Fogão,"R$ 1.834,00",5657,2,3/21/2022,,,,,,
104,Amazonas Shopping,Mi Band 6,"R$ 400,00",4428,9,10/9/2022,,,,,,
106,Amazonas Shopping,Fogão,"R$ 1.834,00",5657,6,3/17/2022,,,,,,
101,Cidade Nova,Jogo de Panela,"R$ 340,00",5663,18,3/6/2022,,,,,,
101,Cidade Nova,Cadeira Gamer,"R$ 1.200,00",5663,4,9/7/2022,,,,,,
102,Amazonas Shopping,Notebook,"R$ 3.115,00",15176,12,2/20/2022,,,,,,
103,Eduardo Gomes,Mouse,"R$ 47,00",481,12,5/17/2022,,,,,,
102,Nova cidade,Notebook,"R$ 3.115,00",67889,1,1/18/2022,,,,,,
104,Matriz,Mi Band 6,"R$ 400,00",44993,11,3/21/2022,,,,,,
104,Cidade Nova,Powerbank,"R$ 120,00",2123,14,11/23/2022,,,,,,
102,Avenida,Brinquedos,"R$ 400,00",19231,15,11/2/2022,,,,,,
105,Eduardo Gomes,Cama,"R$ 1.300,00",20000541,2,1/14/2022,,,,,,
102,Eduardo Gomes,Samsung,"R$ 1.700,00",200004434,9,3/13/2022,,,,,,
105,Matriz,Guarda Roupa,"R$ 710,00",141000,4,1/24/2022,,,,,,
106,Amazonas Shopping,Mi Band 6,"R$ 400,00",4428,12,2/9/2023,,,,,,
104,Eduardo Gomes,Notebook,"R$ 3.115,00",200004434,4,1/20/2023,,,,,,
104,Eduardo Gomes,Notebook,"R$ 3.115,00",200004434,5,12/23/2022,,,,,,
102,Avenida,Fone de Ouvido,"R$ 198,00",14141,19,10/14/2022,,,,,,
105,Matriz,SAMSUNG,"R$ 1.700,00",44993,7,7/3/2022,,,,,,
101,Nova cidade,Bicicleta,"R$ 1.200,00",34535,1,9/18/2022,,,,,,
104,Avenida,Monitor,"R$ 1.100,00",29020,7,1/2/2022,,,,,,
102,Eduardo Gomes,Cama,"R$ 1.300,00",41311,17,8/5/2022,,,,,,
106,Nova cidade,Sofá,"R$ 1.550,00",49592,20,2/1/2023,,,,,,
101,Eduardo Gomes,Xbox series s,"R$ 2.000,00",41311,20,2/11/2023,,,,,,
106,Matriz,Ar condicionado,"R$ 1.700,00",44993,8,12/28/2022,,,,,,
103,Eduardo Gomes,Fogão,"R$ 1.834,00",20000541,14,12/2/2022,,,,,,
104,Cidade Nova,Mouse,"R$ 47,00",13414,13,11/28/2022,,,,,,
101,Matriz,Geladeira,"R$ 3.456,00",141000,7,4/6/2022,,,,,,
102,Matriz,samsungsamsung,"R$ 1.700,00",44993,2,11/25/2022,,,,,,
101,Eduardo Gomes,Televisão,"R$ 2.320,00",41311,1,3/20/2022,,,,,,
103,Matriz,Samsung,"R$ 1.700,00",41949,11,2/16/2023,,,,,,
105,Nova cidade,Ar condicionado,"R$ 1.700,00",49592,13,1/17/2022,,,,,,
101,Cidade Nova,Bicicleta,"R$ 1.200,00",5663,14,9/25/2022,,,,,,
101,Amazonas Shopping,Sofá,"R$ 1.550,00",4428,5,5/22/2022,,,,,,
103,Cidade Nova,Televisão,"R$ 2.320,00",2123,8,9/10/2022,,,,,,
104,Cidade Nova,Fogão,"R$ 1.834,00",2123,17,2/13/2023,,,,,,
101,Avenida,Brinquedos,"R$ 400,00",14141,20,3/27/2022,,,,,,
101,Avenida,Jogo de Panela,"R$ 340,00",2592,16,4/17/2022,,,,,,
103,Eduardo Gomes,Teclado,"R$ 215,00",20000541,10,3/23/2022,,,,,,
104,Cidade Nova,Samsung,"R$ 1.700,00",2123,20,3/8/2022,,,,,,
106,Nova cidade,Iphone,"R$ 7.500,00",34535,10,4/7/2022,,,,,,
102,Nova cidade,Samsung,"R$ 1.700,00",34535,14,1/11/2023,,,,,,
105,Matriz,Cama,"R$ 1.300,00",44993,19,4/23/2022,,,,,,
106,Nova cidade,Televisão,"R$ 2.320,00",49592,1,10/13/2022,,,,,,
106,Nova cidade,Mi Band 6,"R$ 400,00",10934,15,2/18/2022,,,,,,
106,Matriz,Brinquedos,"R$ 400,00",481,6,2/28/2022,,,,,,
106,Cidade Nova,Ar condicionado,"R$ 1.700,00",55453,20,1/9/2022,,,,,,
106,Matriz,Xbox series s,"R$ 2.000,00",11022,20,12/31/2022,,,,,,
102,Eduardo Gomes,Ar condicionado,"R$ 1.700,00",41414,12,10/29/2022,,,,,,
104,Matriz,Samsung,"R$ 1.700,00",481,14,9/3/2022,,,,,,
102,Avenida,Fone de Ouvido,"R$ 198,00",19231,19,9/9/2022,,,,,,
102,Cidade Nova,Jogo de Panela,"R$ 340,00",5663,14,10/11/2022,,,,,,
101,Eduardo Gomes,Cadeira Gamer,"R$ 1.200,00",41414,15,11/27/2022,,,,,,
103,Nova cidade,Notebook,"R$ 3.115,00",67889,1,2/9/2022,,,,,,
104,Amazonas Shopping,Fogão,"R$ 1.834,00",17988,6,5/28/2022,,,,,,
106,Nova cidade,Mi Band 6,"R$ 400,00",34535,9,8/24/2022,,,,,,
104,Amazonas Shopping,Microondas,"R$ 600,00",14522,4,10/1/2022,,,,,,
103,Avenida,Fone de Ouvido,"R$ 198,00",49590,7,12/4/2022,,,,,,
104,Nova cidade,Geladeira,"R$ 3.456,00",10934,5,10/5/2022,,,,,,
102,Matriz,Notebook,"R$ 3.115,00",141000,14,3/13/2022,,,,,,
101,Cidade Nova,Mouse,"R$ 47,00",55354,18,5/9/2022,,,,,,
101,Nova cidade,Fogão,"R$ 1.834,00",49592,19,8/16/2022,,,,,,
106,Amazonas Shopping,Brinquedos,"R$ 400,00",17988,12,7/7/2022,,,,,,
103,Amazonas Shopping,Fone de Ouvido,"R$ 198,00",17988,7,12/28/2022,,,,,,
103,Matriz,Berço,"R$ 690,00",41949,16,10/22/2022,,,,,,
105,Cidade Nova,Brinquedos,"R$ 400,00",13414,5,7/30/2022,,,,,,
101,Eduardo Gomes,Mi Band 6,"R$ 400,00",41311,8,3/3/2022,,,,,,
106,Matriz,Guarda Roupa,"R$ 710,00",481,2,9/23/2022,,,,,,
102,Avenida,Fone de Ouvido,"R$ 198,00",14141,2,4/3/2022,,,,,,
105,Cidade Nova,Bebedouro,"R$ 550,00",55354,10,7/15/2022,,,,,,
104,Amazonas Shopping,Cadeira Gamer,"R$ 1.200,00",17988,20,3/26/2022,,,,,,
105,Amazonas Shopping,Jogo de Panela,"R$ 340,00",5657,2,4/6/2022,,,,,,
103,Eduardo Gomes,Cadeira Gamer,"R$ 1.200,00",41311,3,8/16/2022,,,,,,
104,Eduardo Gomes,Jogo de Panela,"R$ 340,00",41414,15,8/22/2022,,,,,,
104,Eduardo Gomes,Ar_condicionado,"R$ 1.700,00",20000541,17,1/16/2022,,,,,,
102,Avenida,Sofá,"R$ 1.550,00",2592,15,6/10/2022,,,,,,
104,Eduardo Gomes,Fone de Ouvido,"R$ 198,00",41311,8,9/20/2022,,,,,,
102,Eduardo Gomes,Bicicleta,"R$ 1.200,00",41414,20,6/4/2022,,,,,,
106,Nova cidade,Teclado,"R$ 215,00",14951,12,10/28/2022,,,,,,
103,Matriz,Cadeira%Gamer,"R$ 1.200,00",44993,13,9/10/2022,,,,,,
105,Nova cidade,Samsung,"R$ 1.700,00",10934,12,9/11/2022,,,,,,
103,Matriz,Cadeira%Gamer,"R$ 1.200,00",44993,15,11/6/2022,,,,,,
102,Eduardo Gomes,Bebedouro,"R$ 550,00",41414,17,9/1/2022,,,,,,
103,Matriz,Bebedouro,"R$ 550,00",44993,12,5/23/2022,,,,,,
104,Eduardo Gomes,Jogo de Panela,"R$ 340,00",200004434,1,6/19/2022,,,,,,
101,Eduardo Gomes,Xbox series s,"R$ 2.000,00",20000541,17,8/4/2022,,,,,,
101,Nova cidade,Bicicleta,"R$ 1.200,00",34535,10,4/13/2022,,,,,,
104,Nova cidade,Iphone,"R$ 7.500,00",14951,19,9/14/2022,,,,,,
103,Avenida,Iphone,"R$ 7.500,00",14141,12,5/3/2022,,,,,,
103,Matriz,Bicicleta,"R$ 1.200,00",44993,17,3/31/2022,,,,,,
105,Eduardo Gomes,Bicicleta,"R$ 1.200,00",20000541,10,1/1/2023,,,,,,
101,Matriz,Cadeira%Gamer,"R$ 1.200,00",44993,17,9/29/2022,,,,,,
104,Amazonas Shopping,Monitor,"R$ 1.100,00",5657,3,7/28/2022,,,,,,
104,Eduardo Gomes,Monitor,"R$ 1.100,00",481,19,7/12/2022,,,,,,
104,Cidade Nova,Berço,"R$ 690,00",2123,9,2/10/2022,,,,,,
101,Avenida,Ar_condicionado,"R$ 1.700,00",29020,12,10/20/2022,,,,,,
101,Matriz,Jogo de Panela,"R$ 340,00",44993,11,11/12/2022,,,,,,
103,Eduardo Gomes,Sofá,"R$ 1.550,00",41414,6,11/3/2022,,,,,,
102,Avenida,Teclado,"R$ 215,00",49590,8,9/28/2022,,,,,,
103,Cidade Nova,Teclado,"R$ 215,00",13414,1,7/17/2022,,,,,,
102,Cidade Nova,Ar condicionado,"R$ 1.700,00",55354,9,3/16/2022,,,,,,
102,Avenida,Fogão,"R$ 1.834,00",2592,17,3/14/2022,,,,,,
101,Nova cidade,Berço,"R$ 690,00",10934,9,2/11/2023,,,,,,
105,Nova cidade,Fogão,"R$ 1.834,00",10934,1,4/18/2022,,,,,,
105,Cidade Nova,Cadeira%Gamer,"R$ 1.200,00",2123,2,5/2/2022,,,,,,
102,Cidade Nova,Teclado,"R$ 215,00",13414,9,11/9/2022,,,,,,
103,Eduardo Gomes,Fogão,"R$ 1.834,00",41311,6,2/10/2023,,,,,,
106,Amazonas Shopping,Iphone,"R$ 7.500,00",14522,14,7/5/2022,,,,,,
105,Nova cidade,Samsung,"R$ 1.700,00",11022,8,12/5/2022,,,,,,
104,Matriz,Geladeira,"R$ 3.456,00",44993,8,3/27/2022,,,,,,
105,Amazonas Shopping,Cadeira Gamer,"R$ 1.200,00",5657,6,10/21/2022,,,,,,
106,Nova cidade,Monitor,"R$ 1.100,00",49592,2,7/22/2022,,,,,,
101,Amazonas Shopping,Monitor,"R$ 1.100,00",15176,4,2/2/2022,,,,,,
103,Amazonas Shopping,Samsung,"R$ 1.700,00",17988,8,5/12/2022,,,,,,
105,Avenida,Iphone,"R$ 7.500,00",14141,2,12/30/2022,,,,,,
104,Eduardo Gomes,Samsung,"R$ 1.700,00",20000541,15,5/23/2022,,,,,,
101,Eduardo Gomes,Geladeira,"R$ 3.456,00",41311,5,8/12/2022,,,,,,
105,Matriz,Cadeira Gamer,"R$ 1.200,00",141000,16,10/5/2022,,,,,,
101,Amazonas Shopping,Berço,"R$ 690,00",14522,2,10/28/2022,,,,,,
102,Amazonas Shopping,Notebook,"R$ 3.115,00",5657,8,10/5/2022,,,,,,
104,Amazonas Shopping,Geladeira,"R$ 3.456,00",45689,7,10/10/2022,,,,,,
104,Avenida,Xbox series s,"R$ 2.000,00",14141,3,7/10/2022,,,,,,
104,Cidade Nova,Powerbank,"R$ 120,00",5663,12,5/5/2022,,,,,,
104,Nova cidade,Powerbank,"R$ 120,00",49592,7,1/11/2022,,,,,,
104,Cidade Nova,Monitor,"R$ 1.100,00",55453,11,2/17/2023,,,,,,
103,Avenida,Teclado,"R$ 215,00",49590,5,2/27/2023,,,,,,
106,Avenida,Notebook,"R$ 3.115,00",29020,7,5/19/2022,,,,,,
106,Amazonas Shopping,Ar condicionado,"R$ 1.700,00",14522,10,1/13/2022,,,,,,
101,Matriz,Mouse,"R$ 47,00",44993,4,7/11/2022,,,,,,
101,Amazonas Shopping,Fogão,"R$ 1.834,00",14522,6,3/13/2022,,,,,,
102,Matriz,Cama,"R$ 1.300,00",44993,15,12/25/2022,,,,,,
101,Eduardo Gomes,Sofá,"R$ 1.550,00",20000541,8,12/16/2022,,,,,,
105,Cidade Nova,Brinquedos,"R$ 400,00",5663,7,11/21/2022,,,,,,
105,Eduardo Gomes,Powerbank,"R$ 120,00",41414,19,2/1/2023,,,,,,
101,Cidade Nova,Guarda Roupa,"R$ 710,00",55354,15,11/30/2022,,,,,,
102,Nova cidade,Guarda Roupa,"R$ 710,00",67889,1,8/15/2022,,,,,,
104,Matriz,Brinquedos,"R$ 400,00",44993,19,4/9/2022,,,,,,
103,Eduardo Gomes,Mi Band 6,"R$ 400,00",200004434,11,8/29/2022,,,,,,
105,Nova cidade,Fogão,"R$ 1.834,00",10934,11,1/7/2022,,,,,,
103,Amazonas Shopping,Powerbank,"R$ 120,00",4428,5,11/4/2022,,,,,,
102,Nova cidade,Bebedouro,"R$ 550,00",49592,16,7/12/2022,,,,,,
106,Avenida,Guarda Roupa,"R$ 710,00",14141,16,1/8/2023,,,,,,
102,Avenida,Teclado,"R$ 215,00",14141,19,12/25/2022,,,,,,
102,Matriz,Geladeira,"R$ 3.456,00",141000,6,1/30/2023,,,,,,
102,Eduardo Gomes,Geladeira,"R$ 3.456,00",41311,17,5/25/2022,,,,,,
105,Eduardo Gomes,Guarda Roupa,"R$ 710,00",20000541,19,9/12/2022,,,,,,
103,Matriz,Mouse,"R$ 47,00",481,5,3/2/2022,,,,,,
106,Eduardo Gomes,Teclado,"R$ 215,00",20000541,19,3/16/2022,,,,,,
102,Avenida,Bebedouro,"R$ 550,00",29020,9,5/14/2022,,,,,,
106,Nova cidade,Bicicleta,"R$ 1.200,00",67889,4,10/30/2022,,,,,,
103,Nova cidade,Fone de Ouvido,"R$ 198,00",14951,7,1/31/2022,,,,,,
103,Cidade Nova,Cadeira Gamer,"R$ 1.200,00",13414,1,4/5/2022,,,,,,
106,Nova cidade,Mouse,"R$ 47,00",10934,4,2/8/2022,,,,,,
104,Nova cidade,Sofá,"R$ 1.550,00",49592,15,6/11/2022,,,,,,
106,Matriz,Bebedouro,"R$ 550,00",44993,9,3/29/2022,,,,,,
101,Matriz,Geladeira,"R$ 3.456,00",41949,10,6/5/2022,,,,,,
105,Avenida,Brinquedos,"R$ 400,00",2592,17,1/27/2023,,,,,,
101,Eduardo Gomes,Teclado,"R$ 215,00",20000541,16,1/29/2023,,,,,,
106,Nova cidade,Microondas,"R$ 600,00",14951,17,5/3/2022,,,,,,
101,Nova cidade,Iphone,"R$ 7.500,00",67889,19,5/30/2022,,,,,,
106,Avenida,Monitor,"R$ 1.100,00",19231,1,7/28/2022,,,,,,
105,Avenida,Cadeira Gamer,"R$ 1.200,00",2592,3,3/17/2022,,,,,,
101,Eduardo Gomes,Sofá,"R$ 1.550,00",11022,5,1/29/2022,,,,,,
101,Avenida,Fone de Ouvido,"R$ 198,00",2592,14,3/27/2022,,,,,,
106,Eduardo Gomes,Monitor,"R$ 1.100,00",41311,10,8/28/2022,,,,,,
101,Amazonas Shopping,Sofá,"R$ 1.550,00",15176,15,5/21/2022,,,,,,
106,Eduardo Gomes,Bicicleta,"R$ 1.200,00",481,17,12/16/2022,,,,,,
106,Eduardo Gomes,Sofá,"R$ 1.550,00",200004434,11,8/25/2022,,,,,,
105,Nova cidade,Ar condicionado,"R$ 1.700,00",14951,5,7/16/2022,,,,,,
103,Eduardo Gomes,Ar condicionado,"R$ 1.700,00",20000541,19,7/23/2022,,,,,,
101,Amazonas Shopping,Bebedouro,"R$ 550,00",5657,11,1/29/2023,,,,,,
105,Eduardo Gomes,Bicicleta,"R$ 1.200,00",200004434,14,6/20/2022,,,,,,
104,Amazonas Shopping,Monitor,"R$ 1.100,00",14522,12,1/7/2023,,,,,,
102,Nova cidade,Xbox series s,"R$ 2.000,00",49592,20,12/26/2022,,,,,,
101,Matriz,Televisão,"R$ 2.320,00",41949,18,7/3/2022,,,,,,
102,Nova cidade,Monitor,"R$ 1.100,00",49592,11,1/17/2023,,,,,,
105,Eduardo Gomes,Mouse,"R$ 47,00",481,8,1/12/2022,,,,,,
103,Eduardo Gomes,Notebook,"R$ 3.115,00",41414,16,11/4/2022,,,,,,
101,Matriz,Mi Band 6,"R$ 400,00",481,9,1/21/2022,,,,,,
106,Eduardo Gomes,Mi Band 6,"R$ 400,00",20000541,19,7/1/2022,,,,,,
101,Amazonas Shopping,Microondas,"R$ 600,00",5657,6,4/24/2022,,,,,,
101,Cidade Nova,Mi Band 6,"R$ 400,00",55354,17,3/19/2022,,,,,,
102,Cidade Nova,Cama,"R$ 1.300,00",13414,18,2/20/2022,,,,,,
102,Amazonas Shopping,Brinquedos,"R$ 400,00",4428,20,12/12/2022,,,,,,
106,Avenida,Cadeira Gamer,"R$ 1.200,00",2592,6,3/21/2022,,,,,,
104,Matriz,Monitor,"R$ 1.100,00",44993,8,9/21/2022,,,,,,
106,Eduardo Gomes,Powerbank,"R$ 120,00",481,5,2/28/2023,,,,,,
106,Amazonas Shopping,Bebedouro,"R$ 550,00",4428,11,3/15/2022,,,,,,
105,Amazonas Shopping,Powerbank,"R$ 120,00",14522,5,1/1/2022,,,,,,
101,Matriz,Fone de Ouvido,"R$ 198,00",481,1,5/12/2022,,,,,,
103,Eduardo Gomes,Guarda Roupa,"R$ 710,00",20000541,20,3/31/2022,,,,,,
104,Matriz,Iphone,"R$ 7.500,00",141000,18,11/13/2022,,,,,,
104,Avenida,Samsung,"R$ 1.700,00",14141,14,7/25/2022,,,,,,
105,Nova cidade,Brinquedos,"R$ 400,00",67889,14,3/6/2022,,,,,,
101,Eduardo Gomes,Mi Band 6,"R$ 400,00",41311,4,2/22/2023,,,,,,
104,Nova cidade,iPHONE,"R$ 7.500,00",10934,12,9/18/2022,,,,,,
102,Matriz,Berço,"R$ 690,00",44993,8,1/11/2022,,,,,,
106,Cidade Nova,Mi Band 6,"R$ 400,00",2123,9,2/7/2022,,,,,,
106,Matriz,Guarda Roupa,"R$ 710,00",41949,18,6/14/2022,,,,,,
105,Matriz,Fone de Ouvido,"R$ 198,00",481,12,3/14/2022,,,,,,
103,Cidade Nova,Fone de Ouvido,"R$ 198,00",5663,7,6/29/2022,,,,,,
103,Eduardo Gomes,Cadeira Gamer,"R$ 1.200,00",20000541,5,10/7/2022,,,,,,
104,Amazonas Shopping,Samsung,"R$ 1.700,00",5657,3,1/16/2022,,,,,,
103,Matriz,Jogo de Panela,"R$ 340,00",41949,16,12/25/2022,,,,,,
105,Eduardo Gomes,Iphone,"R$ 7.500,00",200004434,17,1/9/2023,,,,,,
101,Nova cidade,Monitor,"R$ 1.100,00",10934,15,7/24/2022,,,,,,
105,Matriz,Iphone,"R$ 7.500,00",44993,16,8/13/2022,,,,,,
104,Cidade Nova,Cadeira Gamer,"R$ 1.200,00",55453,17,8/31/2022,,,,,,
102,Avenida,Sofá,"R$ 1.550,00",29020,20,5/4/2022,,,,,,
101,Matriz,Microondas,"R$ 600,00",481,12,9/26/2022,,,,,,
102,Cidade Nova,Iphone,"R$ 7.500,00",55354,14,2/7/2022,,,,,,
103,Nova cidade,Monitor,"R$ 1.100,00",67889,7,4/2/2022,,,,,,
101,Avenida,Mi Band 6,"R$ 400,00",14141,3,5/21/2022,,,,,,
102,Avenida,Fogão,"R$ 1.834,00",29020,11,2/26/2022,,,,,,
103,Eduardo Gomes,Teclado,"R$ 215,00",41311,8,9/14/2022,,,,,,
103,Cidade Nova,Televisão,"R$ 2.320,00",2123,20,4/2/2022,,,,,,
103,Amazonas Shopping,Microondas,"R$ 600,00",11022,4,1/14/2022,,,,,,
105,Nova cidade,Fone de Ouvido,"R$ 198,00",14951,1,2/8/2022,,,,,,
102,Cidade Nova,Geladeira,"R$ 3.456,00",13414,16,4/13/2022,,,,,,
102,Avenida,Mouse,"R$ 47,00",2592,8,7/27/2022,,,,,,
105,Avenida,Berço,"R$ 690,00",19231,8,8/2/2022,,,,,,
102,Matriz,Fogão,"R$ 1.834,00",41949,6,5/15/2022,,,,,,
103,Cidade Nova,Iphone,"R$ 7.500,00",55453,20,2/4/2023,,,,,,
102,Avenida,Jogo de Panela,"R$ 340,00",2592,7,11/15/2022,,,,,,
103,Avenida,Fogão,"R$ 1.834,00",29020,16,3/25/2022,,,,,,
106,Avenida,Sofá,"R$ 1.550,00",29020,3,10/1/2022,,,,,,
104,Avenida,Cadeira Gamer,"R$ 1.200,00",2592,17,11/12/2022,,,,,,
106,Matriz,Teclado,"R$ 215,00",44993,17,4/7/2022,,,,,,
103,Cidade Nova,Ar condicionado,"R$ 1.700,00",55354,10,10/17/2022,,,,,,
103,Eduardo Gomes,Powerbank,"R$ 120,00",200004434,16,7/30/2022,,,,,,
104,Eduardo Gomes,Jogo de Panela,"R$ 340,00",41414,14,9/12/2022,,,,,,
101,Cidade Nova,Teclado,"R$ 215,00",2123,8,2/20/2023,,,,,,
106,Avenida,Mi Band 6,"R$ 400,00",2592,3,3/12/2022,,,,,,
103,Avenida,Televisão,"R$ 2.320,00",29020,4,10/25/2022,,,,,,
102,Nova cidade,Monitor,"R$ 1.100,00",34535,4,7/12/2022,,,,,,
106,Nova cidade,Ar condicionado,"R$ 1.700,00",34535,19,12/22/2022,,,,,,
105,Amazonas Shopping,Fogão,"R$ 1.834,00",14522,15,2/10/2022,,,,,,
104,Avenida,Brinquedos,"R$ 400,00",14141,13,1/13/2022,,,,,,
104,Nova cidade,Microondas,"R$ 600,00",10934,19,10/30/2022,,,,,,
106,Eduardo Gomes,Bebedouro,"R$ 550,00",41414,20,6/1/2022,,,,,,
105,Avenida,Berço,"R$ 690,00",29020,5,2/23/2022,,,,,,
102,Matriz,Sofá,"R$ 1.550,00",141000,18,5/22/2022,,,,,,
101,Eduardo Gomes,Microondas,"R$ 600,00",20000541,5,1/4/2023,,,,,,
105,Amazonas Shopping,Bicicleta,"R$ 1.200,00",14522,6,2/15/2023,,,,,,
104,Matriz,Bicicleta,"R$ 1.200,00",141000,14,4/20/2022,,,,,,
102,Avenida,Jogo de Panela,"R$ 340,00",29020,15,11/6/2022,,,,,,
102,Eduardo Gomes,Bebedouro,"R$ 550,00",41311,9,2/25/2023,,,,,,
106,Eduardo Gomes,Iphone,"R$ 7.500,00",481,9,1/9/2022,,,,,,
105,Eduardo Gomes,Brinquedos,"R$ 400,00",41311,15,8/13/2022,,,,,,
101,Cidade Nova,Bebedouro,"R$ 550,00",5663,8,12/5/2022,,,,,,
103,Avenida,Powerbank,"R$ 120,00",2592,18,2/5/2023,,,,,,
103,Matriz,Cadeira Gamer,"R$ 1.200,00",141000,18,3/27/2022,,,,,,
106,Eduardo Gomes,Teclado,"R$ 215,00",481,18,11/25/2022,,,,,,
101,Avenida,samsungsamsung,"R$ 1.700,00",14141,3,5/18/2022,,,,,,
104,Amazonas Shopping,Notebook,"R$ 3.115,00",4428,16,11/20/2022,,,,,,
103,Matriz,Brinquedos,"R$ 400,00",11022,14,7/7/2022,,,,,,
102,Amazonas Shopping,Fogão,"R$ 1.834,00",15176,16,2/24/2023,,,,,,
106,Eduardo Gomes,Xbox series s,"R$ 2.000,00",200004434,17,11/11/2022,,,,,,
102,Amazonas Shopping,Guarda Roupa,"R$ 710,00",4428,1,5/1/2022,,,,,,
101,Eduardo Gomes,Microondas,"R$ 600,00",481,6,4/12/2022,,,,,,
102,Eduardo Gomes,Fogão,"R$ 1.834,00",481,8,10/4/2022,,,,,,
103,Nova cidade,Berço,"R$ 690,00",14951,1,1/16/2022,,,,,,
105,Cidade Nova,Guarda Roupa,"R$ 710,00",2123,5,4/20/2022,,,,,,
105,Amazonas Shopping,Teclado,"R$ 215,00",14522,17,1/5/2022,,,,,,
106,Nova cidade,Bebedouro,"R$ 550,00",49592,10,12/29/2022,,,,,,
102,Nova cidade,Powerbank,"R$ 120,00",14951,17,8/20/2022,,,,,,
105,Avenida,Mouse,"R$ 47,00",19231,5,7/18/2022,,,,,,
102,Avenida,Berço,"R$ 690,00",14141,15,1/8/2022,,,,,,
106,Eduardo Gomes,Cama,"R$ 1.300,00",20000541,11,8/2/2022,,,,,,
101,Cidade Nova,Televisão,"R$ 2.320,00",13414,9,12/16/2022,,,,,,
106,Eduardo Gomes,Xbox series s,"R$ 2.000,00",20000541,12,2/22/2023,,,,,,
104,Eduardo Gomes,Mi Band 6,"R$ 400,00",200004434,6,2/9/2022,,,,,,
103,Avenida,Jogo de Panela,"R$ 340,00",2592,16,1/29/2023,,,,,,
102,Matriz,Televisão,"R$ 2.320,00",41949,11,6/12/2022,,,,,,
101,Eduardo Gomes,Sofá,"R$ 1.550,00",200004434,15,8/28/2022,,,,,,
106,Matriz,Jogo de Panela,"R$ 340,00",41949,19,7/1/2022,,,,,,
103,Eduardo Gomes,Berço,"R$ 690,00",41414,20,3/26/2022,,,,,,
102,Avenida,Jogo de Panela,"R$ 340,00",49590,11,2/26/2023,,,,,,
102,Matriz,Ar condicionado,"R$ 1.700,00",41949,16,7/4/2022,,,,,,
105,Matriz,Brinquedos,"R$ 400,00",41949,20,6/23/2022,,,,,,
103,Matriz,Bebedouro,"R$ 550,00",44993,7,1/21/2022,,,,,,
103,Cidade Nova,Samsung,"R$ 1.700,00",2123,3,1/18/2023,,,,,,
106,Cidade Nova,Samsung,"R$ 1.700,00",55453,16,2/4/2022,,,,,,
104,Matriz,Televisão,"R$ 2.320,00",44993,7,9/15/2022,,,,,,
102,Amazonas Shopping,Jogo de Panela,"R$ 340,00",4428,17,1/8/2023,,,,,,
105,Nova cidade,Mouse,"R$ 47,00",34535,1,4/10/2022,,,,,,
102,Matriz,Mi Band 6,"R$ 400,00",44993,7,7/8/2022,,,,,,
103,Nova cidade,Televisão,"R$ 2.320,00",10934,12,12/1/2022,,,,,,
103,Eduardo Gomes,Bebedouro,"R$ 550,00",481,5,8/3/2022,,,,,,
102,Amazonas Shopping,Powerbank,"R$ 120,00",17988,15,10/6/2022,,,,,,
103,Avenida,Cama,"R$ 1.300,00",2592,7,1/31/2023,,,,,,
101,Cidade Nova,Monitor,"R$ 1.100,00",55453,4,2/26/2023,,,,,,
103,Eduardo Gomes,Powerbank,"R$ 120,00",41414,10,5/25/2022,,,,,,
103,Eduardo Gomes,Iphone,"R$ 7.500,00",481,16,4/27/2022,,,,,,
101,Cidade Nova,Mi Band 6,"R$ 400,00",2123,10,2/4/2023,,,,,,
101,Avenida,Televisão,"R$ 2.320,00",2592,11,9/18/2022,,,,,,
105,Cidade Nova,Powerbank,"R$ 120,00",55453,5,8/16/2022,,,,,,
103,Eduardo Gomes,Monitor,"R$ 1.100,00",481,13,10/1/2022,,,,,,
103,Nova cidade,Ar condicionado,"R$ 1.700,00",67889,19,3/21/2022,,,,,,
103,Nova cidade,Samsung,"R$ 1.700,00",11022,8,8/21/2022,,,,,,
102,Cidade Nova,Jogo de Panela,"R$ 340,00",2123,1,4/7/2022,,,,,,
102,Matriz,Cadeira Gamer,"R$ 1.200,00",141000,18,11/6/2022,,,,,,
106,Amazonas Shopping,Powerbank,"R$ 120,00",15176,12,2/10/2023,,,,,,
102,Avenida,Sofá,"R$ 1.550,00",19231,2,8/11/2022,,,,,,
102,Matriz,Fone de Ouvido,"R$ 198,00",41949,19,5/20/2022,,,,,,
106,Cidade Nova,Geladeira,"R$ 3.456,00",13414,2,9/19/2022,,,,,,
102,Cidade Nova,Ar condicionado,"R$ 1.700,00",55453,19,9/19/2022,,,,,,
105,Nova cidade,Geladeira,"R$ 3.456,00",34535,10,1/12/2023,,,,,,
101,Matriz,Cadeira%Gamer,"R$ 1.200,00",44993,9,8/29/2022,,,,,,
103,Amazonas Shopping,Bebedouro,"R$ 550,00",5657,9,12/15/2022,,,,,,
104,Matriz,Xbox series s,"R$ 2.000,00",141000,18,1/17/2022,,,,,,
105,Cidade Nova,Powerbank,"R$ 120,00",55354,17,3/22/2022,,,,,,
101,Nova cidade,Berço,"R$ 690,00",49592,12,5/11/2022,,,,,,
104,Cidade Nova,Notebook,"R$ 3.115,00",5663,19,1/2/2022,,,,,,
106,Avenida,Xbox series s,"R$ 2.000,00",19231,2,6/5/2022,,,,,,
106,Amazonas Shopping,Teclado,"R$ 215,00",5657,9,4/8/2022,,,,,,
104,Cidade Nova,Berço,"R$ 690,00",55453,4,8/7/2022,,,,,,
106,Nova cidade,Ar condicionado,"R$ 1.700,00",49592,8,1/23/2022,,,,,,
106,Nova cidade,Teclado,"R$ 215,00",67889,11,8/20/2022,,,,,,
106,Cidade Nova,samsungsamsung,"R$ 1.700,00",5663,12,4/12/2022,,,,,,
105,Avenida,Berço,"R$ 690,00",29020,15,9/23/2022,,,,,,
101,Eduardo Gomes,Sofá,"R$ 1.550,00",481,18,9/9/2022,,,,,,
104,Nova cidade,Sofá,"R$ 1.550,00",34535,16,4/14/2022,,,,,,
102,Cidade Nova,Cama,"R$ 1.300,00",55354,16,6/4/2022,,,,,,
104,Matriz,Berço,"R$ 690,00",141000,7,7/3/2022,,,,,,
101,Amazonas Shopping,Notebook,"R$ 3.115,00",17988,11,1/4/2022,,,,,,
102,Cidade Nova,Bicicleta,"R$ 1.200,00",55354,10,6/19/2022,,,,,,
106,Avenida,Bebedouro,"R$ 550,00",2592,3,9/21/2022,,,,,,
101,Eduardo Gomes,Mouse,"R$ 47,00",11022,9,2/27/2022,,,,,,
104,Amazonas Shopping,Powerbank,"R$ 120,00",5657,15,6/11/2022,,,,,,
106,Amazonas Shopping,Brinquedos,"R$ 400,00",17988,10,7/6/2022,,,,,,